<?xml version="1.0" encoding="UTF-8"?>
<!DOCTYPE suite SYSTEM "https://testng.org/testng-1.0.dtd">
<suite name="Suite">
	<listeners>
		<listener class-name="listeners.TestListener"></listener>
	</listeners>
	 <test  name="Test">
		<parameter name="testdata" value="UI" />
		<classes>
			<class name="automationscripts.Testcase1" />
			<!-- <class name="automationScripts.parallelUIcheck" /> -->
		</classes>
	</test>
		<!--  <test  name="JsonDatacheck">
		<parameter name="testdata" value="jsondata.json" />
		<classes>
			<class name="automationscripts.Testcase2" />
		</classes>
	</test> -->
	<!-- <test  name="YAMLDatacheck">
		<parameter name="testdata" value="yamldata.yml" />
		<classes>
			<class name="automationscripts.Testcase3YML" />
		</classes>
	</test>
	<test  name="Exceldatacheck">
		<parameter name="testdata" value="exceldata.xlsx" />
		<parameter name="sheetname" value="testcase" />
		<classes>
			<class name="automationscripts.ExcelTest" />
		</classes>
	</test> 
	<test  name="bddapi">
		
		<classes>
			<class name="apitestrunner.Runner" />
		</classes>
	</test> -->
	
	



	<!-- Test -->
</suite> <!-- Suite -->
