<?xml version="1.0" encoding="UTF-8"?>
<Configuration monitorInterval="60">
	<Appenders>
		<Console name="Console" target="SYSTEM_OUT">
			<PatternLayout
				pattern="%d{YYYY-MM-dd HH:mm:ss}  %-5p %c{1}:%L - %msg%n" />
		</Console>

		<RollingFile name="RollingFile"
			filename="Reports/logging.log"
			filepattern="${logPath}/%d{YYYYMMddHHmmss}-fargo.log">
			<PatternLayout
				pattern="%d{YYYY-MM-dd HH:mm:ss}  %-5p %c{1}:%L - %msg%n" />
			<Policies>
				<SizeBasedTriggeringPolicy size="20 MB" />
			</Policies>
			<DefaultRolloverStrategy max="20" />
		</RollingFile>

	</Appenders>
	<Loggers>
		<Root level="debug">
			<AppenderRef ref="Console" />
			<AppenderRef ref="RollingFile" />
		</Root>
	</Loggers>
</Configuration>